{"range": 2575.5859375, "max_takeoff_weight": 73500.0, "fuel_weight": 11000.0, "passenger_num": 150, "payload_weight": 19800, "cargo_weight": 6300, "aircraft_weight": 37980, "empty_weight": 42700, "lift_by_drag": 17, "altitude": 10668, "mach": 0.78, "engine_weight": 2360, "engine_num": 2, "required_thrust": 18893.548828125, "required_thrust_ground": 133000, "tech_lev": 2.85, "lp_hp_dist_ratio": 0.0833, "lhv": 43000000.0, "sfc_cruise": 0.645, "sfc_ground": 0.365, "electric_component_density": 0.2602409638554217, "fuelburn_coef": 0.630648065185547}