{"range": 3666.137458702831, "max_takeoff_weight": 78000, "fuel_weight": 15999.98779296875, "passenger_num": 150, "payload_weight": 19300.01220703125, "cargo_weight": 5800.012207031251, "aircraft_weight": 37980, "empty_weight": 42700, "lift_by_drag": 17, "altitude": 10668, "mach": 0.78, "engine_weight": 2360, "engine_num": 2, "required_thrust": 19821.970588235294, "required_thrust_ground": 133000, "tech_lev": 2.7777777777777777, "lp_hp_dist_ratio": 0.0833, "lhv": 43000000.0, "sfc_cruise": 0.645, "sfc_ground": 0.365, "electric_component_density": 0.05204819277108434, "air_weight_coef": 1.1314725596724016, "engine_weight_coef": 1.1854587765239464, "engine_axis_coef": 0.9832055543952687, "engine_length_coef": 0.7589414584150854}