{"range": 4808.0812087409595, "max_takeoff_weight": 78000, "fuel_weight": 18000.0048828125, "passenger_num": 150, "payload_weight": 17299.9951171875, "cargo_weight": 3799.9951171875005, "aircraft_weight": 37980, "empty_weight": 42700, "lift_by_drag": 17, "altitude": 10668, "mach": 0.78, "engine_weight": 2360, "engine_num": 2, "required_thrust": 18893.548828125, "required_thrust_ground": 133000, "tech_lev": 2.85, "lp_hp_dist_ratio": 0.0833, "lhv": 43000000.0, "sfc_cruise": 0.645, "sfc_ground": 0.365, "electric_component_density": 0.0, "fuelburn_coef": 0.630648065185547}