{"range": 4537.2265625, "max_takeoff_weight": 78000, "fuel_weight": 18000.0, "passenger_num": 150, "payload_weight": 17300.0, "cargo_weight": 6300.0, "aircraft_weight": 37980, "empty_weight": 42700, "lift_by_drag": 17, "altitude": 10668, "mach": 0.78, "engine_weight": 2360, "engine_num": 2, "required_thrust": 20000.0, "required_thrust_ground": 133000, "tech_lev": 3.0, "lp_hp_dist_ratio": 0.0833, "lhv": 43000000.0, "electric_component_density": 0.05204819277108434, "sfc_cruise": 0.645, "sfc_ground": 0.392, "air_weight_coef": 1.1366404045008345, "engine_weight_coef": 1.2420985197507664, "engine_axis_coef": 1.006107084826366, "engine_length_coef": 0.8062397907818349}