{"V2500": {"engine_weight": 2360, "engine_num": 2, "required_thrust": 18893.548828125, "stage_number": {"Fan": 1, "LPC": 2, "HPC": 10, "HPT": 2, "LPT": 5}, "lp_hp_dist_ratio": 0.0833, "generation": 1980, "tech_lev": 2.85, "fueltype": "Oil", "lhv": 43000000.0, "required_thrust_ground": 133000, "engine_diameter": 1.6, "engine_length": 3.2, "design_variable": [4.7, 30.0, 1.61, 1380.0], "sfc_cruise": 0.645, "sfc_ground": 0.365, "stage_coef": {"LPC": 0.1879156, "HPC": 0.3724552307, "HPT": 1.6546295504, "LPT": 1.4654360576}}}