{"V2500": {"engine_weight": 2360, "engine_num": 2, "required_thrust": 20000.0, "stage_number": {"Fan": 1, "LPC": 2, "HPC": 10, "HPT": 2, "LPT": 5}, "lp_hp_dist_ratio": 0.0833, "generation": 1980, "tech_lev": 2.7, "fueltype": "Oil", "lhv": 43000000.0, "required_thrust_ground": 133000, "engine_diameter": 1.6, "engine_length": 3.2, "design_variable": [4.7, 30.0, 1.66, 1380.0], "sfc_cruise": 0.645, "sfc_ground": 0.365, "stage_coef": {"LPC": 0.17327346801757815, "HPC": 0.3591026306152344, "HPT": 1.2952026367187504, "LPT": 1.5756225585937507}}}